FID,objectid,lad17cd,lad17nm,lad17nmw,bng_e,bng_n,long,lat,st_areasha,st_lengths,Shape__Area,Shape__Length
1,1,E06000001,Hartlepool, ,447157,531476,-1.27023005,54.67615891,93652653.0114521,59467.5022911999,279607194.420593,102733.181863065
2,2,E06000002,Middlesbrough, ,451141,516887,-1.21098995,54.5446701,54102543.5603282,38474.5329538984,160528503.223877,66265.3149551798
3,3,E06000003,Redcar and Cleveland, ,464359,519597,-1.00610995,54.56752014,244760108.337648,90579.3046924052,726533545.306152,156041.302016546
4,4,E06000004,Stockton-on-Tees, ,444937,518183,-1.30668998,54.55691147,204365245.73194,102708.184771661,606951190.451721,177008.279869733
5,5,E06000005,Darlington, ,428029,515649,-1.56834996,54.5353508,197790116.454037,97801.4011172222,587074006.179932,168462.047833567
6,6,E06000006,Halton, ,354246,382146,-2.68852997,53.33423996,79157237.7718586,70153.786331635,221830026.908936,117427.416414999
7,7,E06000007,Warrington, ,362744,388456,-2.56167006,53.39162827,180218886.780263,102437.974875413,506339157.410522,171685.143707121
8,8,E06000008,Blackburn with Darwen, ,369490,422806,-2.46359992,53.70080185,137215989.45002,58842.1863122662,390870221.191528,99332.059658786
9,9,E06000009,Blackpool, ,332763,436633,-3.02284002,53.8216095,34833376.6945652,32530.113119272,99808642.6081543,55089.3754396578
10,266,E08000009,Trafford, ,375790,391162,-2.36572003,53.4167099,105982476.23188,53821.5101480059,298035821.130615,90239.6478946755
11,10,E06000010,"Kingston upon Hull, City of", ,511894,431716,-0.30379999,53.76979065,70860653.1993407,58261.1820487251,202481446.883408,98481.4813247358
12,11,E06000011,East Riding of Yorkshire, ,488051,443608,-0.66202998,53.88122177,2406113600.06889,470098.614202544,6911747695.61267,795781.460298101
13,12,E06000012,North East Lincolnshire, ,523454,404574,-0.13926999,53.52336121,191587755.220734,78718.0359858587,541700780.239967,132357.554518769
14,13,E06000013,North Lincolnshire, ,497798,410996,-0.52410001,53.58644867,846809933.731282,226105.734978241,2400156855.46971,380594.691909225
15,20,E06000020,Telford and Wrekin, ,367035,313057,-2.48940992,52.71416855,289735502.153451,103706.864563937,789233945.780884,171213.51404697
16,14,E06000014,York, ,460864,452589,-1.07375002,53.96582031,272388275.494951,94631.8108524925,785718001.26593,160733.359782752
17,15,E06000015,Derby, ,435609,335375,-1.47188997,52.91463852,78716686.7137576,44251.8209187616,216223929.262939,73340.3430266273
18,16,E06000016,Leicester, ,458946,304594,-1.13039994,52.63592148,73219225.4012054,43322.0092037282,198605508.25061,71351.5005373789
19,17,E06000017,Rutland, ,492992,308655,-0.62629998,52.66764832,394335821.243177,102442.90700781,1070604077.25949,168768.975155098
20,18,E06000018,Nottingham, ,456082,339969,-1.16666996,52.9541893,74611550.5348674,53137.5934168707,205389018.713684,88159.5864265693
21,19,E06000019,"Herefordshire, County of", ,349434,242834,-2.73931003,52.08153915,2179872826.70735,307320.414839393,5772428474.3501,500338.814248273
22,28,E06000028,Bournemouth, ,410069,93928,-1.85863996,50.7448616,45975921.389686,42002.8324402132,114744709.91333,66328.1015684824
23,21,E06000021,Stoke-on-Trent, ,389438,346652,-2.15888,53.01707077,92923613.2247817,55229.1066976138,256500061.210083,91773.1253210822
24,22,E06000022,Bath and North East Somerset, ,366217,161999,-2.48654008,51.35604095,350388516.986728,119168.288470593,897843616.946533,190724.434311746
25,23,E06000023,"Bristol, City of", ,359990,174846,-2.57742,51.47114944,109928065.623513,93258.5861100764,283037434.137939,149645.385571235
26,24,E06000024,North Somerset, ,347613,166719,-2.75439,51.39707184,373719566.408483,128457.007596251,958977067.370117,205716.11468135
27,25,E06000025,South Gloucestershire, ,367559,183196,-2.46921992,51.54671097,496705833.943556,124684.157513495,1283134925.55554,200379.370923696
28,26,E06000026,Plymouth, ,249944,58255,-4.1129899,50.40494156,80414876.3026829,72259.8784389966,197644209.625,113253.697227715
29,27,E06000027,Torbay, ,289730,64608,-3.5552299,50.4708786,63690122.5900005,62292.2434042127,156909139.787109,97771.32307123
30,29,E06000029,Poole, ,403393,93466,-1.95326996,50.74077988,65248109.0063611,62381.4005960159,162869259.210205,98535.8579831282
31,30,E06000030,Swindon, ,418551,186564,-1.73367,51.57762909,230230865.957891,89035.8011162374,595535829.415161,143226.860379657
32,31,E06000031,Peterborough, ,517372,300777,-0.26874,52.5921402,344379822.060957,103705.231836906,932636788.556961,170612.192373241
33,32,E06000032,Luton, ,508606,222559,-0.42319,51.89102173,43625821.8849499,32658.7573745856,114423615.097839,52881.5350228044
34,33,E06000033,Southend-on-Sea, ,587776,186833,0.70690602,51.54914093,42061588.6804016,37885.324654964,108594521.189148,60832.2588884448
35,34,E06000034,Thurrock, ,562126,181586,0.33490199,51.5099411,162330171.49017,82206.8201271672,418473999.042007,131970.445785234
36,35,E06000035,Medway, ,578207,175196,0.563173,51.44770813,193203882.112854,152428.517903154,495965454.604248,244152.677137998
37,36,E06000036,Bracknell Forest, ,488169,168792,-0.73363,51.41130066,109196390.710337,59925.5727503014,280398927.109467,96032.0206379871
38,119,E07000086,Eastleigh, ,447202,116802,-1.32942998,50.94871902,79505202.7826918,59589.8729295295,200084776.95752,94527.6066542525
39,37,E06000037,West Berkshire, ,450575,172095,-1.27364004,51.44559097,703013629.146109,150996.658259989,1808696772.65472,242131.766369365
40,38,E06000038,Reading, ,470226,173154,-0.99071002,51.45301819,40472033.5933543,33425.0781993265,104132571.450623,53617.9654968999
41,39,E06000039,Slough, ,498920,179246,-0.57617003,51.50350189,32489520.0448973,39910.6969738602,83788067.1046143,64078.9384711096
42,40,E06000040,Windsor and Maidenhead, ,492079,176541,-0.67540997,51.48033905,197250934.806807,108783.338392003,508205226.256378,174579.29263001
43,41,E06000041,Wokingham, ,476624,169902,-0.89934999,51.42295837,179707145.566468,80125.6204495443,461881194.955811,128511.891241017
44,42,E06000042,Milton Keynes, ,486408,242308,-0.74070001,52.07241058,308550107.748619,93568.5534460046,816233353.624268,152177.718670678
45,43,E06000043,Brighton and Hove, ,530279,106849,-0.15079001,50.84648895,83092493.4483122,54031.4008412259,208196577.110458,85514.1836735382
46,44,E06000044,Portsmouth, ,465607,101357,-1.07023001,50.80804825,40574926.4074478,50107.3955093088,101598714.919556,79286.3391928835
47,45,E06000045,Southampton, ,442253,113608,-1.40024996,50.92037964,50310046.8282387,49460.7813981601,126513599.997925,78434.0053001298
48,120,E07000087,Fareham, ,453774,106324,-1.23741996,50.85393143,74569349.1637093,52450.7054834852,186982678.693054,83055.5123378859
49,46,E06000046,Isle of Wight, ,447186,85950,-1.33361995,50.67129898,380002878.804256,153386.077902365,945617431.380493,242014.509965111
50,47,E06000047,County Durham, ,410381,532242,-1.8405,54.68513107,2232259319.23362,285374.035079488,6673526333.18823,493487.441317988
51,48,E06000049,Cheshire East, ,380510,363462,-2.29298997,53.1679306,1168829443.08977,256709.563958164,3250647769.80103,428132.653206429
52,55,E06000056,Central Bedfordshire, ,504615,234492,-0.47753999,51.99903107,716309104.960918,213741.905925192,1888229689.28305,346915.252321724
53,49,E06000050,Cheshire West and Chester, ,353097,363145,-2.70298004,53.1633606,914511138.617587,260942.666095675,2545241497.95984,435289.555405055
54,50,E06000051,Shropshire, ,350227,302960,-2.73667002,52.6221199,3196283326.20466,507067.933326042,8669154492.59607,835600.797179714
55,51,E06000052,Cornwall, ,212501,64494,-4.64248991,50.45022964,3550347935.03633,878873.177666271,8727754697.72705,1376541.86011025
56,59,E07000006,South Bucks, ,498198,185455,-0.58484,51.55944061,141009970.131595,77130.9155097778,364414939.043213,124000.30414511
57,52,E06000053,Isles of Scilly, ,91327,11447,-6.3021698,49.92332077,16342264.9128048,80437.316836574,39338862.6796875,124813.756666272
58,53,E06000054,Wiltshire, ,405209,158863,-1.92660999,51.32883072,3255509301.55647,367789.771962838,8321260811.93738,588496.840991173
59,54,E06000055,Bedford, ,505721,256463,-0.45462999,52.19628143,475130655.211255,122777.241674216,1262728065.12791,200191.809239797
60,56,E06000057,Northumberland, ,395323,600699,-2.07521009,55.30036926,5026978510.96899,519160.413960506,15439680831.9075,911031.771796657
61,57,E07000004,Aylesbury Vale, ,477330,223021,-0.87746,51.90037918,903260608.30249,217172.821000098,2369321536.99445,351666.971775703
62,58,E07000005,Chiltern, ,495432,198692,-0.62111998,51.67890167,197060319.659762,79081.7887889591,512055979.130585,127485.585139602
63,60,E07000007,Wycombe, ,482477,197052,-0.80883002,51.66619873,324642970.048336,103574.821355377,842455619.311157,166881.878104694
64,61,E07000008,Cambridge, ,545420,257901,0.126436,52.20016861,41281108.1912771,32837.2864620036,109731612.753448,53538.6072735913
65,62,E07000009,East Cambridgeshire, ,555577,275765,0.28316301,52.35787964,652091308.279477,219542.568456315,1744444568.08153,359108.824128437
66,63,E07000010,Fenland, ,536361,294959,0.009016,52.53543854,543637271.520914,179855.067234583,1468979982.44311,295698.417060873
67,64,E07000011,Huntingdonshire, ,521010,274271,-0.22466999,52.35316849,913212415.228497,205460.110728347,2446989698.16283,336281.436724467
68,65,E07000012,South Cambridgeshire, ,543295,247586,0.091017,52.1080513,902274929.836537,236147.7294711,2395615323.65616,384789.015772273
69,66,E07000026,Allerdale, ,317516,532995,-3.28096008,54.68523026,1255875721.59169,276230.159047679,3755526775.10107,478210.445281712
70,67,E07000027,Barrow-in-Furness, ,321750,474171,-3.19975996,54.15737152,77183022.263422,97583.4347706189,224571551.328125,166435.813265618
71,68,E07000028,Carlisle, ,348444,565195,-2.80704999,54.97867966,1038100513.82938,231198.244141198,3145802930.0575,402356.964682603
72,69,E07000029,Copeland, ,310871,508741,-3.37664008,54.46619034,737734753.538946,189967.401642442,2175731883.39282,326073.496904643
73,70,E07000030,Eden, ,359636,526396,-2.62678003,54.63106918,2158044677.35781,247832.94784944,6425514822.51074,427636.598703336
74,71,E07000031,South Lakeland, ,349265,489554,-2.78108001,54.29906845,1552277820.59553,330220.746789662,4554604104.29846,565163.079324723
75,72,E07000032,Amber Valley, ,436166,348084,-1.46219003,53.02883911,265296237.245971,92060.3174972434,732650696.612488,152962.705317538
76,73,E07000033,Bolsover, ,448666,371548,-1.27227998,53.23875046,160658252.160399,85387.3247279248,447529423.808472,142504.733369562
77,74,E07000034,Chesterfield, ,440049,373359,-1.40114999,53.25574875,65928224.9655376,45533.2694752835,183993184.873535,76054.203126382
78,306,E09000013,Hammersmith and Fulham, ,523866,177998,-0.21736,51.48736954,16106869.8307771,21672.5187791598,41512025.0004807,34803.1616576541
79,75,E07000035,Derbyshire Dales, ,419697,358493,-1.70711005,53.1232605,796585250.93032,214807.851582604,2210072540.15063,357844.340059726
80,76,E07000036,Erewash, ,443721,338063,-1.35090005,52.9382019,109041412.85208,63722.7230873536,299829698.611145,105660.245234509
81,77,E07000037,High Peak, ,410474,387660,-1.84397995,53.38568878,538585702.216147,145819.891515817,1511391551.89685,244190.345207399
82,78,E07000038,North East Derbyshire, ,437369,362955,-1.44253004,53.16242981,275890602.974839,138446.509836564,768891528.317139,231205.662553797
83,79,E07000039,South Derbyshire, ,431434,325365,-1.53494,52.82492065,337613291.708936,142646.151272767,923922966.686768,235996.283975962
84,89,E07000049,East Dorset, ,401685,109966,-1.97739995,50.8891716,355460103.0007,125189.506539512,891754547.530151,198236.759456375
85,80,E07000040,East Devon, ,313775,96055,-3.22380996,50.75764847,814788771.521817,189665.033947785,2035203621.02515,299713.643890331
86,81,E07000041,Exeter, ,293236,92003,-3.51372004,50.71780014,46993140.3062991,41630.3316153135,117154283.316406,65717.184020485
87,82,E07000042,Mid Devon, ,288064,108911,-3.59211993,50.86882019,911669760.714413,218022.555402266,2287692630.95239,345263.279072194
88,83,E07000043,North Devon, ,265110,132524,-3.92690992,51.07612991,1086748832.38395,242528.378363636,2749295653.27466,385675.842452714
89,90,E07000050,North Dorset, ,381794,113407,-2.26037002,50.91981888,608406787.303698,143444.735175806,1529503955.87439,227378.280358969
90,121,E07000088,Gosport, ,458773,101094,-1.16725004,50.80641174,25183918.7595167,32255.1893800846,63018495.8878784,51010.5600071931
91,84,E07000044,South Hams, ,270677,54033,-3.81994009,50.37192154,885700372.091481,366271.428402467,2175693498.67432,573946.560975659
92,85,E07000045,Teignbridge, ,283069,80251,-3.65395999,50.61019897,673888522.183217,163603.769447887,1671693488.64771,257595.842517388
93,86,E07000046,Torridge, ,244206,114405,-4.21730995,50.90802002,985339300.875748,262648.024938285,2472815667.74756,416211.13554472
94,87,E07000047,West Devon, ,256379,86998,-4.03356981,50.66487885,1161059710.66775,215935.38033673,2885878417.35254,340391.222367517
95,88,E07000048,Christchurch, ,413093,96313,-1.81570005,50.76625061,49949524.1162495,51950.8744187799,124765192.623901,82101.8097524604
96,91,E07000051,Purbeck, ,391183,88321,-2.12617993,50.69445038,404613339.529493,180947.774901327,1007213954.21777,285482.401007886
97,92,E07000052,West Dorset, ,357765,99663,-2.60061002,50.79497147,1083352966.13602,253298.265746636,2708726641.88477,400430.473945087
98,93,E07000053,Weymouth and Portland, ,368175,81510,-2.45133996,50.63240051,42313376.0040907,64623.4298480646,105014854.495239,101814.358364268
99,94,E07000061,Eastbourne, ,559351,99605,0.258699,50.77413177,44376144.603517,32036.4604954863,110846462.034805,50634.6672397795
100,95,E07000062,Hastings, ,581599,110745,0.57942897,50.8676796,30375202.0395157,29442.4284099283,76163417.6389465,46599.0306455388
101,96,E07000063,Lewes, ,541474,105685,0.007671,50.83340836,292031362.490734,148933.619583073,732851111.903902,235908.264579382
102,97,E07000064,Rother, ,578730,119663,0.543064,50.94868088,512515153.930767,156926.171975575,1289626550.09486,248854.472576327
103,98,E07000065,Wealden, ,555048,117173,0.205153,50.93315887,834585285.861661,190114.572755338,2101862714.86672,301614.386364014
104,99,E07000066,Basildon, ,571548,190848,0.47505501,51.59035873,110466566.638244,62490.5487178406,285763477.316681,100501.416514419
105,100,E07000067,Braintree, ,577253,227335,0.57591099,51.91633987,611511765.195468,144949.886796045,1606565725.47104,234955.626236866
106,101,E07000068,Brentwood, ,558560,196070,0.29009101,51.64107895,153031159.117677,65041.6259546266,396762043.336807,104751.607082621
107,102,E07000069,Castle Point, ,579490,187921,0.58808398,51.56159973,44306141.3059101,56510.8833154105,114383682.917053,90747.8568009167
108,117,E07000084,Basingstoke and Deane, ,454508,151423,-1.22020996,51.2593689,633747548.42302,129024.226669236,1618017704.36365,206098.450300692
109,103,E07000070,Chelmsford, ,572115,206972,0.49116299,51.73503113,342305558.922872,108985.762781637,890803225.216461,175849.767643626
110,104,E07000071,Colchester, ,596944,223692,0.85977602,51.87701035,331625270.29171,173509.520975103,868551792.727356,280603.049133357
111,105,E07000072,Epping Forest, ,548919,203758,0.154147,51.71279144,338953315.116332,110167.385923268,881579882.144711,177716.308786754
112,106,E07000073,Harlow, ,545276,209589,0.103888,51.76613998,30520204.7328626,24757.0370602722,79589838.1919594,39973.080698978
113,110,E07000077,Uttlesford, ,557832,228865,0.294485,51.93592072,640245824.869816,149901.759755987,1681783176.48411,242913.787683989
114,111,E07000078,Cheltenham, ,394925,222232,-2.07515001,51.89860916,46496280.9309583,33217.3359325508,122006695.658447,53812.2519417
115,118,E07000085,East Hampshire, ,474404,129237,-0.93971002,51.05765152,514673323.08351,131232.578913693,1302740335.36743,208739.003765261
116,307,E09000014,Haringey, ,531262,189349,-0.10667,51.58771133,29982504.0761088,26410.153833157,77583822.9407539,42472.3016044494
117,107,E07000074,Maldon, ,591460,212199,0.773857,51.77571106,356562505.524819,243180.653760428,927118945.819977,392001.227766868
118,108,E07000075,Rochford, ,585981,191420,0.68347299,51.59093094,168829125.189111,143946.11259331,436759992.170685,231417.162115456
119,109,E07000076,Tendring, ,614203,222163,1.10918295,51.85692978,336502212.172627,182269.118322507,880949046.191772,294821.227909864
120,112,E07000079,Cotswold, ,402125,208209,-1.97059,51.77254868,1164247620.71394,296111.55801049,3044226458.58191,478799.520935313
121,113,E07000080,Forest of Dean, ,367175,212759,-2.47755003,51.81248856,525611208.120721,172276.213882448,1375510635.56238,278701.2341186
122,114,E07000081,Gloucester, ,384071,216449,-2.23263001,51.84640884,40501677.1747095,30568.4672011709,106053011.229004,49466.0357438366
123,115,E07000082,Stroud, ,378806,202410,-2.30819988,51.72000885,460933212.592729,151942.388553243,1200522532.24084,245158.087602583
124,116,E07000083,Tewkesbury, ,386347,226279,-2.19998002,51.93484879,414767930.13929,185926.478538144,1090705537.98511,301410.124218089
125,143,E07000114,Thanet, ,631844,166753,1.32829797,51.35253143,102882401.057224,49872.9030118137,263254569.49469,79748.5771384761
126,122,E07000089,Hart, ,477985,154240,-0.88321,51.28197098,215016887.247021,70273.254121701,549191144.265503,112300.547956948
127,123,E07000090,Havant, ,470177,108563,-1.00399995,50.87229919,55343285.7360276,74351.9169963064,138734276.455872,117678.605775489
128,124,E07000091,New Forest, ,428999,106521,-1.58936,50.85747147,753089596.175787,205954.875812002,1888951493.19617,326103.409920782
129,125,E07000092,Rushmoor, ,486022,153944,-0.76806998,51.27814865,38953501.216177,28059.1911497141,99444240.6403809,44849.7919352627
130,126,E07000093,Test Valley, ,434930,137329,-1.50214005,51.13417053,628392100.848453,171478.578176525,1594447769.26343,273166.725548776
131,127,E07000094,Winchester, ,453115,125901,-1.24392998,51.03002167,660528974.560818,154912.616549316,1668705463.60742,246202.715760406
132,128,E07000095,Broxbourne, ,534742,204251,-0.05073,51.72079849,51356683.3599636,35975.4940810515,133683860.689845,58056.37196179
133,129,E07000096,Dacorum, ,500084,208745,-0.55097997,51.76845169,211576595.093215,101907.179196972,552127011.068542,164659.794258819
134,130,E07000098,Hertsmere, ,519774,199352,-0.26899001,51.68016815,100508254.443615,54885.6888568363,261099772.412086,88462.2952239977
135,131,E07000099,North Hertfordshire, ,522192,230256,-0.22314,51.95737839,373809470.834546,151944.396058614,983205572.491798,246453.016753795
136,132,E07000102,Three Rivers, ,507313,196418,-0.45005,51.65631866,88944088.2190564,68506.2649340961,230913886.873993,110397.073644217
137,133,E07000103,Watford, ,510441,198197,-0.40428999,51.67169952,21449369.2261249,23378.1125152791,55702014.3362122,37675.9573876623
138,134,E07000105,Ashford, ,597640,140644,0.82337397,51.13095856,580811620.371786,133496.881574967,1472133068.97922,212530.802773816
139,135,E07000106,Canterbury, ,616026,158096,1.09625697,51.28102875,307972908.735991,119130.853749359,785689635.91925,190256.23736264
140,136,E07000107,Dartford, ,556167,172917,0.245276,51.43373108,72885419.5032454,49476.8432638932,187256748.571205,79303.4006348899
141,308,E09000015,Harrow, ,515356,189736,-0.33603001,51.59466934,50479360.2701124,31799.6643638937,130684159.729538,51162.9645078343
142,137,E07000108,Dover, ,628967,150940,1.27692902,51.21173859,314388445.09421,123989.276257651,799526631.832031,197796.888333876
143,138,E07000109,Gravesham, ,566969,169115,0.39874399,51.39649963,98997194.4318105,53786.1704311502,254013473.633667,86163.7712787732
144,139,E07000110,Maidstone, ,580489,151670,0.58406103,51.23566055,393498961.330833,109562.428246817,1002246074.81158,174838.410228325
145,140,E07000111,Sevenoaks, ,552776,155218,0.188936,51.27563095,369679503.610123,118868.933282492,943459818.218437,189937.681939049
146,141,E07000112,Shepway, ,610318,134597,1.00079596,51.07215118,357506326.965088,136734.632119249,903323592.403381,217381.379514024
147,142,E07000113,Swale, ,593761,161976,0.77952999,51.32387161,373614608.063676,206426.093946202,955612941.785278,330220.057039313
148,324,E09000031,Waltham Forest, ,537327,190277,-0.01881,51.59460831,38925075.102616,29759.4431370154,100736044.966106,47893.5322115747
149,144,E07000115,Tonbridge and Malling, ,564014,153898,0.34930599,51.26063919,239883646.868296,117317.635623082,612092929.926987,187428.666078388
150,145,E07000116,Tunbridge Wells, ,573139,136599,0.471632,51.10253906,332066717.743925,126470.913953714,841466103.552185,201275.899909136
151,146,E07000117,Burnley, ,384886,430882,-2.23079991,53.7740593,111019834.384875,52540.585748305,317545041.609741,88865.1735862641
152,147,E07000118,Chorley, ,359189,419724,-2.61921,53.67240143,202293851.482408,89800.7482794903,575397097.014526,151465.026014084
153,148,E07000119,Fylde, ,339562,433812,-2.91901994,53.79710007,164712228.99454,89456.3146451082,471290024.0979,151265.310954826
154,149,E07000120,Hyndburn, ,374407,428971,-2.38964009,53.75648117,73163670.255493,38630.9895955136,209062334.709229,65315.2774251454
155,156,E07000127,West Lancashire, ,342611,413268,-2.8689301,53.61280823,346071627.34154,134797.419883473,981402846.987549,227140.270825532
156,309,E09000016,Havering, ,555032,187514,0.235368,51.56518936,112555873.992414,58149.9182694608,290883783.999786,93474.6721381701
157,150,E07000121,Lancaster, ,356896,464988,-2.66030002,54.07901001,574697323.291502,240318.657105361,1666753216.71875,409107.00773002
158,151,E07000122,Pendle, ,387637,443368,-2.18956995,53.88636017,169252551.259769,72089.5577782497,486107330.138062,122164.316377322
159,152,E07000123,Preston, ,352820,436429,-2.71816993,53.82199097,142382808.837353,72255.7073107694,407874215.120117,122279.282740122
160,153,E07000124,Ribble Valley, ,372687,447676,-2.41739988,53.92449951,584980099.601664,137669.153073348,1683419691.61719,233513.370898601
161,154,E07000125,Rossendale, ,382827,420955,-2.26149011,53.68478012,137243852.634025,65615.3693816436,390970200.449219,110736.151220168
162,155,E07000126,South Ribble, ,352016,425840,-2.72872996,53.72674942,112532657.526846,80397.4646197031,321086505.590698,135775.915101659
163,197,E07000174,Mansfield, ,455047,363637,-1.17804003,53.16703033,76060649.995985,47192.9020779385,211423703.083008,78681.7755144305
164,157,E07000128,Wyre, ,347227,445159,-2.80462003,53.89990997,280360970.053918,161149.439248743,806336654.163208,273281.727962028
165,158,E07000129,Blaby, ,454385,297994,-1.19886994,52.5770607,130317477.831381,86056.5848658752,352418872.760132,141530.963411597
166,159,E07000130,Charnwood, ,458365,316155,-1.13694,52.73989868,278929456.276858,101567.411395489,760011177.947205,167636.422052775
167,160,E07000131,Harborough, ,474549,293875,-0.90228999,52.53765869,592922742.704021,152499.786976655,1601076100.21368,250603.958080445
168,161,E07000132,Hinckley and Bosworth, ,439538,301379,-1.41754997,52.60876846,298242892.430531,98438.3532029835,808222748.262329,162038.153198797
169,162,E07000133,Melton, ,477328,323472,-0.85439998,52.80329132,480751923.139479,124364.944870642,1313411183.61844,205579.863167221
170,325,E09000032,Wandsworth, ,525152,174137,-0.20021001,51.45238876,34656911.3980127,34750.046739826,89142576.1309509,55725.0276404317
171,163,E07000134,North West Leicestershire, ,439111,316252,-1.42209005,52.74250031,279027633.75852,102605.493395136,760873935.095825,169436.786073726
172,164,E07000135,Oadby and Wigston, ,461543,299379,-1.09300005,52.58874893,23185775.8469435,24729.4646173733,62744546.9036255,40683.8576093943
173,165,E07000136,Boston, ,526851,343953,-0.11218,52.97793961,364441480.163578,139130.354583845,1003486551.29325,230845.179456575
174,166,E07000137,East Lindsey, ,534862,376106,0.020549,53.26483154,1763865614.45203,264627.419340828,4919533416.5196,442445.537330089
175,167,E07000138,Lincoln, ,496347,370096,-0.55848002,53.21921158,35540927.9716911,30283.8784594229,99023551.6872253,50537.8656877322
176,168,E07000139,North Kesteven, ,502135,354788,-0.47670001,53.08058167,921880110.267659,171405.831828022,2551446160.66191,285191.810785142
177,169,E07000140,South Holland, ,532909,322928,-0.03058,52.78757858,751070381.834845,181792.958898236,2050638840.36248,300493.460192326
178,170,E07000141,South Kesteven, ,501406,328986,-0.49564999,52.84885025,942467370.292753,192456.689543524,2581436553.87991,318447.01114773
179,171,E07000142,West Lindsey, ,499314,390326,-0.50774002,53.40044022,1154722439.64022,232651.491482467,3242547121.2509,389936.513734227
180,172,E07000143,Breckland, ,591015,303330,0.81871599,52.59421158,1304857251.48607,219811.035297793,3528543234.34381,361508.466272663
181,173,E07000144,Broadland, ,619865,315909,1.25233197,52.6962204,552023272.174994,182814.901050755,1499962915.94806,301285.459006319
182,174,E07000145,Great Yarmouth, ,646760,315882,1.64949596,52.68439865,173711567.781471,124498.28004538,470605514.041626,204839.709672647
183,175,E07000146,King's Lynn and West Norfolk, ,571220,315805,0.53325802,52.71282959,1435820459.43762,373473.154751244,3906596914.45155,616464.828639898
184,176,E07000147,North Norfolk, ,611083,330845,1.132195,52.83377838,962305508.49422,295162.770626631,2632544585.68726,488209.046762483
185,177,E07000148,Norwich, ,622355,309773,1.28497899,52.64012909,38517206.8016471,47016.9755744807,104339192.082947,77387.0296146082
186,326,E09000033,Westminster, ,528268,180871,-0.15295,51.51221085,21545052.9584538,24224.2941566,55567658.4980621,38906.6689578943
187,178,E07000149,South Norfolk, ,628991,295823,1.37324798,52.51218033,906665055.95748,230227.601308551,2442819566.24957,378001.425883078
188,179,E07000150,Corby, ,487862,290681,-0.7069,52.50696945,79035990.9663803,56595.1928579787,213016542.200867,92899.1381700299
189,180,E07000151,Daventry, ,467286,268437,-1.01446998,52.30994034,665202944.202607,154594.324463346,1778233349.867,252672.092967151
190,181,E07000152,East Northamptonshire, ,501344,287839,-0.50919998,52.47909164,509599863.974633,146440.395186481,1370819548.76186,240212.278675087
191,182,E07000153,Kettering, ,483866,282852,-0.76773,52.43722916,235322935.807609,84167.5765766837,632168685.360901,137973.422642038
192,183,E07000154,Northampton, ,476495,260539,-0.88121003,52.23775101,80597831.3940931,41431.2036091654,214727873.030945,67617.1539894261
193,233,E07000215,Tandridge, ,536365,150325,-0.04805,51.23580933,248717822.695671,74506.582635344,633485642.147037,118950.914429695
194,184,E07000155,South Northamptonshire, ,463000,247077,-1.08129001,52.11843872,634545898.613094,198300.12473769,1681647746.76987,322840.998093537
195,185,E07000156,Wellingborough, ,487787,266827,-0.71425003,52.29257965,163491650.018684,62677.0272672595,436449600.057281,102430.521755906
196,186,E07000163,Craven, ,389513,461989,-2.16167998,54.05376053,1178385955.02991,186302.158606648,3419297193.27039,317240.76784068
197,187,E07000164,Hambleton, ,443009,490546,-1.34048998,54.30871964,1313063451.6136,272446.346939684,3848100223.70154,466411.699166255
198,188,E07000165,Harrogate, ,427473,464652,-1.58160996,54.07707977,1308358943.47161,227761.975671625,3793992607.41595,387728.300717402
199,189,E07000166,Richmondshire, ,401039,495786,-1.98552001,54.3576088,1317556036.84187,206884.993491268,3875326970.68787,354885.772198181
200,190,E07000167,Ryedale, ,475590,478890,-0.84276998,54.20021057,1505277059.6003,230408.144872468,4394708351.10028,393648.670462355
201,191,E07000168,Scarborough, ,495797,495547,-0.52780002,54.34648895,817837261.852273,217819.108608391,2405605883.02817,373456.235913776
202,198,E07000175,Newark and Sherwood, ,470624,357451,-0.94643003,53.10960007,651088251.149918,173614.737535475,1805794901.75583,289144.91085586
203,199,E07000176,Rushcliffe, ,466606,335453,-1.01097,52.91239929,408877959.430193,111749.124771952,1122444542.70618,185159.311508711
204,254,E07000240,St Albans, ,514580,209623,-0.3407,51.77355957,161965216.979529,67429.0172588909,422520315.562744,108910.022401362
205,192,E07000169,Selby, ,457551,426670,-1.12908006,53.73326874,598399824.498692,247578.952234932,1712143044.84668,418759.165608458
206,193,E07000170,Ashfield, ,450035,355843,-1.25422001,53.09746933,110122768.281914,61286.5319138369,305000917.904602,101984.989060752
207,194,E07000171,Bassetlaw, ,468073,384835,-0.97869998,53.35604095,637306417.854743,146403.782641526,1784819632.64825,244986.086878467
208,195,E07000172,Broxtowe, ,449829,341893,-1.25943995,52.9720993,80722192.5861172,56576.4559395499,222373935.056458,93920.1039973059
209,196,E07000173,Gedling, ,459184,347811,-1.11907005,53.02434158,119880203.615546,63014.3612001697,331026208.618652,104709.204021821
210,217,E07000199,Tamworth, ,421455,302550,-1.68450999,52.62031174,31059261.8939262,27862.8858189985,84210259.1204834,45874.8008022281
211,200,E07000177,Cherwell, ,449301,221201,-1.28506005,51.8871994,587735565.52432,198883.837968368,1546386492.40033,322649.575839648
212,201,E07000178,Oxford, ,452277,206368,-1.24405003,51.75357056,45411144.6114539,31762.5797918669,118403257.796875,51284.5979684663
213,202,E07000179,South Oxfordshire, ,463890,191964,-1.07846999,51.62287903,679081422.986495,183733.003777773,1761183379.98181,295929.611817595
214,203,E07000180,Vale of White Horse, ,435693,195197,-1.48543,51.65443039,579879108.010666,153766.523982787,1504042916.00439,247632.898023185
215,204,E07000181,West Oxfordshire, ,434343,215816,-1.50292003,51.83990097,714319032.605636,141044.632506747,1869426460.8938,228253.59403997
216,205,E07000187,Mendip, ,362238,144090,-2.54177999,51.19475937,739464203.503824,177034.376140974,1882280826.51428,282417.205730988
217,206,E07000188,Sedgemoor, ,338426,143997,-2.88250995,51.19184875,563905912.849929,220310.631897224,1433870983.54126,351299.693689421
218,207,E07000189,South Somerset, ,345633,120798,-2.7758801,50.98398972,958381173.308161,210752.745257355,2417006586.73315,334707.674080695
219,208,E07000190,Taunton Deane, ,318327,123470,-3.16542006,51.00479126,463020551.979683,158646.575764493,1168726597.04199,252039.953726915
220,209,E07000191,West Somerset, ,294768,136702,-3.50494003,51.11989975,728281396.955251,162090.308158268,1847693554.12329,258080.794539214
221,210,E07000192,Cannock Chase, ,401261,311553,-1.98276997,52.70166016,78903110.0167813,45738.2363606135,214766271.527222,75461.3749319363
222,229,E07000211,Reigate and Banstead, ,525786,152574,-0.19870999,51.258461,128936608.266095,68378.7861946935,328800222.347,109195.815361291
223,211,E07000193,East Staffordshire, ,412601,326569,-1.81438005,52.8365097,390185964.921311,156661.607877618,1069401139.95862,259473.43232199
224,212,E07000194,Lichfield, ,416283,310967,-1.76048994,52.69615173,331570250.2895,112606.96174118,901505849.64856,185679.445419121
225,213,E07000195,Newcastle-under-Lyme, ,378199,345174,-2.32630992,53.00344849,211448800.343569,93484.5467698323,582989247.542236,155245.849802581
226,214,E07000196,South Staffordshire, ,389625,311037,-2.1549499,52.69691849,407906940.386334,165642.635221615,1105895063.69043,272717.873754338
227,215,E07000197,Stafford, ,389001,327836,-2.1647501,52.84791946,597946208.779143,140309.284453208,1637692985.80371,232221.783023555
228,216,E07000198,Staffordshire Moorlands, ,400543,352443,-1.99334002,53.06924057,577099803.238449,128258.458539669,1597522413.27014,213347.480718764
229,218,E07000200,Babergh, ,599994,244657,0.91623098,52.06417847,595676143.656401,156130.734054464,1572367897.94952,253620.423491545
230,219,E07000201,Forest Heath, ,572316,273586,0.52760601,52.33330917,377737215.582159,133731.540790015,1010916236.42766,218641.704214608
231,220,E07000202,Ipswich, ,616954,244670,1.16326702,52.05791855,39271747.2340723,38719.5329685921,103659832.406006,62905.475747806
232,221,E07000203,Mid Suffolk, ,611646,262338,1.09695303,52.21858978,869544744.701447,169944.642873405,2314992690.99298,277271.873443147
233,222,E07000204,St Edmundsbury, ,582672,265927,0.675273,52.26118088,657477244.270436,178214.652636673,1749830544.63034,290676.774157641
234,230,E07000212,Runnymede, ,501777,166979,-0.53855002,51.39273071,78143648.8539061,41158.2649781536,200520207.435608,65934.3791625747
235,231,E07000213,Spelthorne, ,507012,169622,-0.46254,51.41551971,50580779.1252156,38841.2266902485,129966082.745056,62260.1242801167
236,232,E07000214,Surrey Heath, ,491362,160483,-0.68985999,51.33610153,95166678.3101793,48570.9032597372,243671780.86145,77704.4507320114
237,223,E07000205,Suffolk Coastal, ,633247,258767,1.41014194,52.17782974,892248384.065459,323968.583717594,2366248402.32166,527359.773437866
238,224,E07000206,Waveney, ,642301,287890,1.56323695,52.43524933,368595686.324401,132926.082181884,988564216.436768,217765.332047738
239,225,E07000207,Elmbridge, ,511882,163658,-0.39441001,51.36098099,96235543.2006421,45986.2236204439,246539663.472427,73606.3804626784
240,226,E07000208,Epsom and Ewell, ,521176,161475,-0.26172,51.33945084,34143458.8279416,26547.7474467499,87396530.3712616,42486.5953761257
241,227,E07000209,Guildford, ,500408,151481,-0.56256998,51.25365829,271688112.134949,110501.200449968,692766548.218842,176458.235701932
242,228,E07000210,Mole Valley, ,518377,148953,-0.30603001,51.22748947,257592735.588757,91855.532992084,655765572.765549,146579.440152597
243,234,E07000216,Waverley, ,496363,140635,-0.62343001,51.15686035,345213515.415058,109509.604070959,876556349.586212,174519.881497353
244,235,E07000217,Woking, ,499087,157542,-0.57981998,51.30836868,63690359.1610807,44242.0557671662,162874379.87265,70735.6103157557
245,236,E07000218,North Warwickshire, ,425570,296399,-1.62419999,52.56483841,284001010.621006,102775.091928722,767234332.169067,168943.427429646
246,237,E07000219,Nuneaton and Bedworth, ,435419,289352,-1.47965002,52.50093842,78202229.360124,43224.4547220263,210817136.907104,70955.1009134236
247,238,E07000220,Rugby, ,446498,276244,-1.31827998,52.38227844,353504305.16929,100953.478512613,947961088.295898,165325.724583174
248,239,E07000221,Stratford-on-Avon, ,425019,251536,-1.63565004,52.16154099,977629048.375379,230990.379330144,2597643652.39465,376530.328699951
249,240,E07000222,Warwick, ,428484,267113,-1.58369005,52.3014183,283629170.391605,100695.184573759,758068677.989746,164634.709561751
250,241,E07000223,Adur, ,518065,106473,-0.32433,50.84572983,42495170.1159063,49595.4165795568,106485450.174149,78488.7304087486
251,242,E07000224,Arun, ,495145,105724,-0.64998001,50.84320831,220976164.556629,139606.791612074,553716595.729355,220989.339089326
252,243,E07000225,Chichester, ,490285,116600,-0.71630001,50.94176865,786357379.066668,203983.461741743,1979025135.11145,323349.11952338
253,244,E07000226,Crawley, ,526390,137581,-0.19532999,51.12356949,44889154.5795185,35366.175888887,113837944.962708,56315.242621322
254,245,E07000227,Horsham, ,513676,123839,-0.38123,51.00270844,529448939.650492,188845.317670344,1335252575.71135,299776.809496649
255,255,E07000241,Welwyn Hatfield, ,525345,208467,-0.18517999,51.76087189,129829162.463249,74691.5995629956,338591277.498878,120663.526105226
256,246,E07000228,Mid Sussex, ,533054,130623,-0.10272,51.05952835,333548353.176697,118250.071050643,842063998.095394,187885.222599152
257,247,E07000229,Worthing, ,512679,104948,-0.40127,50.83309937,32450857.2203113,26393.2942723387,81269725.8943481,41764.387745202
258,248,E07000234,Bromsgrove, ,399840,273736,-2.0037601,52.36169052,216624310.19578,98906.319310389,580337431.766479,161911.52301729
259,249,E07000235,Malvern Hills, ,377465,252197,-2.33088994,52.16757965,578540906.123575,203066.77742718,1537520778.10767,331200.684305241
260,250,E07000236,Redditch, ,403705,265253,-1.94710004,52.28541183,54543096.2378537,35900.8577328183,145601166.619507,58655.7078597025
261,251,E07000237,Worcester, ,385725,255196,-2.2102499,52.1948204,33259846.2772758,26817.0818530763,88447266.2166748,43733.8493564061
262,252,E07000238,Wychavon, ,398991,247839,-2.01613998,52.12886047,662645874.557097,197911.074215827,1759593023.97827,322533.789807442
263,253,E07000239,Wyre Forest, ,384106,276388,-2.23494005,52.38529968,196074415.740503,88570.0346277554,525698090.915161,145002.580573427
264,256,E07000242,East Hertfordshire, ,537995,220370,0.002739,51.86484909,475592256.772112,120364.434807368,1245630441.45294,194807.369626151
265,257,E07000243,Stevenage, ,524622,224531,-0.18987,51.90539169,26109583.6790919,24591.7819605291,68507907.831459,39837.1257852789
266,258,E08000001,Bolton, ,368352,409873,-2.47952008,53.58449173,140450379.844438,69914.995407379,397938397.517212,117675.922438303
267,259,E08000002,Bury, ,379658,410768,-2.30879998,53.5931015,99911697.1965876,61199.2596834663,283204887.925537,103053.958244716
268,260,E08000003,Manchester, ,384591,397063,-2.23358989,53.47008896,116221322.116925,74661.6643576445,327337909.787476,125304.67862628
269,261,E08000004,Oldham, ,396603,406784,-2.0527401,53.55767822,141952606.070294,64355.0833339831,401693029.740234,108242.696946673
270,262,E08000005,Rochdale, ,390315,412326,-2.14784002,53.60741043,158454187.193664,75169.1118871823,449757757.24292,126657.554035913
271,263,E08000006,Salford, ,374556,398128,-2.38485003,53.47927094,96695812.2081407,58966.8638055933,272826566.403687,99032.7882738672
272,264,E08000007,Stockport, ,391806,388264,-2.12467003,53.39115906,126028500.919094,61371.1254048832,354005306.584351,102854.453905784
273,265,E08000008,Tameside, ,394987,397995,-2.0769999,53.47866821,102909524.048785,47344.5414597379,290203046.247314,79497.3434992923
274,267,E08000010,Wigan, ,362136,402126,-2.57246995,53.51445007,187291441.556205,76868.1245905826,529293848.57959,129204.858883851
275,268,E08000011,Knowsley, ,344762,393778,-2.8329699,53.43788147,87529937.4053888,62864.056512515,246203968.547119,105437.576837909
276,269,E08000012,Liverpool, ,339361,390553,-2.91364002,53.40829849,110931228.417398,56866.5452346838,311714876.060547,95322.5059323307
277,270,E08000013,St. Helens, ,353412,395992,-2.70309997,53.45861816,135492884.479305,68703.0489146944,381734162.979614,115313.044862548
278,271,E08000014,Sefton, ,334264,398832,-2.99203992,53.48210144,154686071.803001,104176.245789902,437665236.731934,175371.517846417
279,272,E08000015,Wirral, ,329242,386937,-3.06502008,53.37453842,157561857.431919,65208.0728811137,441895074.601074,109186.943852867
280,273,E08000016,Barnsley, ,429979,403327,-1.54925001,53.52576828,328398334.924254,114050.609088063,928572430.657288,191709.602849502
281,274,E08000017,Doncaster, ,459167,403735,-1.10894001,53.52696991,568022007.957189,159039.731851428,1606657231.34308,267515.487385504
282,275,E08000018,Rotherham, ,447542,388980,-1.28650999,53.3955307,287359022.116871,95511.3613371812,807678907.083435,160129.979981044
283,276,E08000019,Sheffield, ,430511,389736,-1.54253995,53.40357971,367498075.438591,119995.310850817,1032757797.86145,201127.07218989
284,277,E08000021,Newcastle upon Tyne, ,422287,569662,-1.65296996,55.02101135,113285417.1435,60549.4405560858,343945797.187866,105496.914672007
285,278,E08000022,North Tyneside, ,431471,570602,-1.50923002,55.02896118,82161897.9828254,56737.9808361636,249701200.071899,98900.4777718954
286,279,E08000023,South Tyneside, ,435503,564057,-1.44695997,54.96987915,64461945.1439789,42624.4203679978,195266554.36084,74186.9531064564
287,280,E08000024,Sunderland, ,436470,551525,-1.43343997,54.85720062,138219244.278953,89859.5173429189,416981803.089722,156100.808306292
288,281,E08000025,Birmingham, ,408150,287352,-1.88141,52.48403931,267423283.708755,94162.935277368,720536291.816406,154548.154141885
289,282,E08000026,Coventry, ,432807,279689,-1.51908004,52.41423035,98298724.6712721,47802.5240659241,263991215.751465,78336.3174757866
290,283,E08000027,Dudley, ,393191,288584,-2.10171008,52.49512863,97283398.2667656,64475.8869836944,262053798.47522,105842.515185949
291,284,E08000028,Sandwell, ,399573,290764,-2.00770998,52.51477051,85270650.6713053,51734.4771626977,230027807.305908,84964.8135361283
292,310,E09000017,Hillingdon, ,508166,183120,-0.44182,51.53662872,115959959.508372,57368.1270474815,299466457.420288,92220.0202411678
293,285,E08000029,Solihull, ,419434,281483,-1.71557999,52.43099976,178367378.90943,88779.9290781126,478945281.749756,145511.410254977
294,286,E08000030,Walsall, ,402098,300804,-1.97044003,52.60503006,104837483.753216,53047.4776832666,283890490.329346,87293.6878776854
295,287,E08000031,Wolverhampton, ,391463,300016,-2.12746,52.59788132,69377247.7869654,46799.8619492116,187783342.368042,76994.0054191862
296,288,E08000032,Bradford, ,408395,438626,-1.87389004,53.84381866,367283743.121275,122330.937019925,1053834359.68127,207212.334471139
297,289,E08000033,Calderdale, ,402617,424896,-1.96182001,53.72048187,363640711.512585,98956.3270317396,1037276137.04285,167107.067008899
298,290,E08000034,Kirklees, ,414586,416223,-1.78085005,53.64233017,408736002.269546,111671.163462008,1160738768.19861,188200.326869918
299,291,E08000035,Leeds, ,432528,436384,-1.50735998,53.82273102,551441195.954022,143058.543715904,1580773987.60492,242228.958406176
300,292,E08000036,Wakefield, ,438366,418235,-1.42092001,53.65922165,339430808.528414,97037.3568008521,965423014.999573,163615.038170256
301,293,E08000037,Gateshead, ,420168,559658,-1.6868,54.93119812,141312344.134705,78594.3427868061,427477079.123047,136678.118592245
302,294,E09000001,City of London, ,532382,181358,-0.09351,51.51564026,2931632.75957706,7725.85588548723,7561171.84210205,12402.8468226189
303,295,E09000002,Barking and Dagenham, ,547759,185107,0.12950601,51.54552078,36022975.2598401,36181.1159702004,93021980.2312889,58158.7601559125
304,296,E09000003,Barnet, ,523472,191753,-0.21821,51.61108017,86960293.4354882,44364.6316737922,225289031.474831,71415.6758292639
305,297,E09000004,Bexley, ,549202,175433,0.146212,51.45820999,60661689.3777327,39385.2900079753,156053908.323746,63176.641090836
306,298,E09000005,Brent, ,519615,186468,-0.27568001,51.56441116,43362537.1094786,35111.8323429177,112063053.99646,56436.2044659019
307,299,E09000006,Bromley, ,542036,165708,0.039246,51.37266922,149735556.460172,67571.1102355305,383753555.831167,108199.044288576
308,300,E09000007,Camden, ,527492,184284,-0.16289,51.5430603,21312899.759642,23418.7868744009,55046461.1695404,37633.096021176
309,301,E09000008,Croydon, ,533922,164745,-0.07761,51.36597824,86964656.0440893,51255.928264563,222741708.132767,82039.0388622241
310,302,E09000009,Ealing, ,517057,181960,-0.31406999,51.52442932,55404782.5865641,42970.3068139145,142960574.069855,69000.6020595011
311,303,E09000010,Enfield, ,532829,196197,-0.08147,51.64888,82368063.3825502,38674.0341639118,213708299.223644,62279.6292381079
312,304,E09000011,Greenwich, ,542508,175881,0.050108,51.46395874,47229692.7774201,41867.5408471363,121578707.856986,67176.5972695868
313,305,E09000012,Hackney, ,534560,185787,-0.06045,51.5549202,19194973.310997,23103.9499748786,49586799.6855412,37129.0805582979
314,311,E09000018,Hounslow, ,512744,174965,-0.37843999,51.46242905,56325589.77422,53472.7653556767,144993519.683502,85787.3586883627
315,312,E09000019,Islington, ,531158,184647,-0.10992,51.54547882,15056945.1977722,18960.9194003913,38891007.5976257,30477.5218068318
316,313,E09000020,Kensington and Chelsea, ,525757,179053,-0.18976,51.49644089,12041599.3153829,18933.323869288,31040760.9227829,30403.1897667484
317,314,E09000021,Kingston upon Thames, ,519508,167389,-0.28367001,51.39295959,37290006.6051131,34497.9076095443,95654163.8327637,55282.4185535717
318,315,E09000022,Lambeth, ,531118,175626,-0.11385,51.46442032,26585371.9243188,30887.3369948298,68384940.8948441,49557.6243589178
319,316,E09000023,Lewisham, ,537889,173344,-0.01733,51.44231033,35545231.0186942,34199.808298205,91407205.1802959,54845.9371825384
320,317,E09000024,Merton, ,526069,169507,-0.18866999,51.41056824,37378437.7459584,29195.0583618129,95970452.687088,46774.213249034
321,318,E09000025,Newham, ,540721,183327,0.027369,51.53131866,36318913.240862,29968.8391612496,93720866.6304302,48144.2214531298
322,319,E09000026,Redbridge, ,543512,189478,0.070085,51.58589172,56161098.568971,43809.6501629451,145283574.951904,70476.8256031069
323,320,E09000027,Richmond upon Thames, ,519005,172648,-0.28913999,51.44033051,56534906.8980357,61280.490234487,145364039.626755,98269.5390377713
324,321,E09000028,Southwark, ,533945,175863,-0.07309,51.46588898,28463351.4389641,30517.5865512346,73276110.36063,48980.0431199862
325,322,E09000029,Sutton, ,527356,163640,-0.17227,51.3575592,44257664.9433294,35049.613686021,113393839.813187,56105.2391804418
326,323,E09000030,Tower Hamlets, ,536345,181451,-0.0364,51.51552963,19630203.7183972,24285.4754043977,50633410.4466057,39004.7834501768
327,327,S12000005,Clackmannanshire, ,291159,696335,-3.7534399,56.14723969,159146851.903058,83429.5369370725,511905902.767822,149591.752079492
328,329,S12000008,East Ayrshire, ,255398,624935,-4.29056978,55.49673843,1271310649.6173,298578.040460138,3951161035.35181,526303.987349023
329,330,S12000010,East Lothian, ,354854,672351,-2.72434998,55.94207001,680054815.048089,167371.814763315,2164117329.01257,298559.194676087
330,331,S12000011,East Renfrewshire, ,251929,653115,-4.36059999,55.74868011,173649382.194865,82396.6115326198,547071363.367188,146262.807999125
331,332,S12000013,Na h-Eileanan Siar, ,126473,932862,-6.65721989,58.19937897,3076661580.88175,2561787.44125928,10867759427.0591,4787121.01699723
332,333,S12000014,Falkirk, ,289661,679536,-3.77060008,55.99604034,296585020.028863,127171.837925798,946268421.415039,227138.264694686
333,328,S12000006,Dumfries and Galloway, ,270645,579857,-4.02862978,55.09621811,6436952763.22593,872025.951659498,19602458225.9731,1519396.12067757
334,334,S12000015,Fife, ,339197,704726,-2.98235011,56.23117065,1325726284.37924,287454.958633448,4281920770.75818,516274.062707645
335,335,S12000017,Highland, ,241026,858306,-4.66091013,57.586689,26158972835.3142,3915067.61285868,90775807259.1484,7287760.61423278
336,336,S12000018,Inverclyde, ,227922,670899,-4.75387001,55.90034866,161924862.775595,66917.5534079164,513908544.584961,119190.865339675
337,337,S12000019,Midlothian, ,330088,659217,-3.1173799,55.82110977,354636068.384795,116951.032057759,1122237857.35718,208008.612188739
338,338,S12000020,Moray, ,328024,843593,-3.20186996,57.47682953,2239285697.71023,377747.760607199,7728625244.02539,701139.458982121
339,374,W06000018,Caerphilly,Caerffili,317245,195259,-3.19753003,51.65000916,278104395.750091,103287.144313061,721826454.133057,166491.002828719
340,339,S12000021,North Ayrshire, ,228984,651640,-4.7247901,55.72787857,884166110.945099,306101.975382647,2770098597.34033,542049.501957056
341,340,S12000023,Orkney Islands, ,348291,1006584,-2.90028,58.9433403,1011840338.66242,941640.105673527,3810630452.90356,1829363.65206911
342,341,S12000024,Perth and Kinross, ,284304,744186,-3.88479996,56.57529068,5381847733.6647,571716.337272452,17690394018.9126,1035226.55072244
343,353,S12000040,West Lothian, ,299483,668514,-3.60909009,55.89920044,429686691.332381,121039.867758041,1363223347.75488,215567.660280029
344,342,S12000026,Scottish Borders, ,345891,626135,-2.85865998,55.52593994,4740833564.10887,457824.987687173,14809043643.7394,809148.162712315
345,343,S12000027,Shetland Islands, ,434516,1180307,-1.37344003,60.50495148,1460964430.19165,1580576.91647343,5965174946.26361,3191049.53306965
346,344,S12000028,South Ayrshire, ,226544,596270,-4.72901011,55.23006821,1225170662.93759,277189.242288547,3765534407.70288,486392.399217291
347,351,S12000038,Renfrewshire, ,239305,664698,-4.56833982,55.84862137,261248631.714439,115812.195437627,826863531.751709,206027.218040849
348,352,S12000039,West Dunbartonshire, ,242904,681587,-4.52074003,56.00141144,177124318.937275,84943.2370540514,564701833.549072,151677.248814264
349,345,S12000029,South Lanarkshire, ,284634,636071,-3.83272004,55.60453033,1774961252.65212,260573.181389416,5553299638.84912,460890.271985541
350,346,S12000030,Stirling, ,255980,708769,-4.32595015,56.24953079,2254986152.13893,313580.313339476,7286573876.97607,563690.884949446
351,347,S12000033,Aberdeen City, ,387763,808478,-2.20397997,57.1669693,185303457.824868,105695.367993827,628733623.595093,194634.328940153
352,348,S12000034,Aberdeenshire, ,352286,816276,-2.79204988,57.23468018,6316964842.15609,640200.648952691,21531445979.499,1181942.62201001
353,349,S12000035,Argyll and Bute, ,200740,715442,-5.22113991,56.28942871,6998303864.65672,2797073.45755935,22458918435.2253,5014143.37129858
354,350,S12000036,City of Edinburgh, ,320193,669416,-3.27825999,55.91119003,263761149.590795,96587.6098329523,838587117.02832,172202.99458506
355,375,W06000019,Blaenau Gwent,Blaenau Gwent,318236,206771,-3.18592,51.75363922,109017968.067096,60985.9477326245,284373569.917969,98496.607741735
356,354,S12000041,Angus, ,345518,759594,-2.89189005,56.72480011,2185760576.00379,282741.388283756,7246489027.50134,514600.101726115
357,355,S12000042,Dundee City, ,340291,732145,-2.97094989,56.4776001,59602818.7706763,43021.2673746167,195045152.466553,77795.8402940886
358,356,S12000044,North Lanarkshire, ,277984,665608,-3.95140004,55.86814117,471676031.349213,147819.47513687,1495531527.75244,263285.237397556
359,357,S12000045,East Dunbartonshire, ,261240,676154,-4.22417021,55.9582901,174567457.659496,90453.2632712616,555747784.083252,161379.513202634
360,358,S12000046,Glasgow City, ,261534,667033,-4.21478987,55.87649155,175404201.289601,119380.026792608,555597599.983643,212434.814974749
361,376,W06000020,Torfaen,Torfaen,327459,200480,-3.05100989,51.69836044,126202187.577772,72625.0050249767,328222810.770264,117126.499511609
362,359,W06000001,Isle of Anglesey,Ynys Môn,245222,378346,-4.32290983,53.27944946,714357155.693551,263233.092251167,1995396140.76953,439819.793060876
363,362,W06000004,Denbighshire,Sir Ddinbych,309843,355416,-3.34761,53.08832932,837198528.744626,207778.79515298,2318184288.61646,345922.949092911
364,363,W06000005,Flintshire,Sir y Fflint,321564,369303,-3.17604995,53.21498108,437015285.956931,172353.64695286,1216811083.04224,287636.420243567
365,380,W06000024,Merthyr Tydfil,Merthyr Tudful,305916,206424,-3.36424994,51.74858093,112187962.60444,61276.3282101838,292289765.401123,98950.582987229
366,360,W06000002,Gwynedd,Gwynedd,277968,334967,-3.8155899,52.89825821,2550297143.18112,500045.150535642,6996186366.52173,827985.351892969
367,361,W06000003,Conwy,Conwy,283293,362562,-3.74645996,53.14738846,1130170464.1779,248282.799922692,3135991468.88281,413740.907429815
368,364,W06000006,Wrexham,Wrecsam,333523,345387,-2.99202991,53.00167084,503283824.509416,167134.551969237,1387296802.39282,277383.08383179
369,365,W06000008,Ceredigion,Ceredigion,267126,268437,-3.94993997,52.29795074,1790753141.29607,316219.34144277,4772021536.6167,516238.426720714
370,367,W06000010,Carmarthenshire,Sir Gaerfyrddin,247954,224133,-4.2111001,51.89495087,2369247455.16466,424772.632616454,6215780479.95801,687314.737616226
371,366,W06000009,Pembrokeshire,Sir Benfro,199821,221391,-4.90818024,51.85512161,1618106730.45837,510150.986589496,4234123611.36743,824308.475797908
372,373,W06000016,Rhondda Cynon Taf,Rhondda Cynon Taf,302237,192395,-3.41358995,51.62184906,422982118.295268,117003.817396334,1097632401.51123,188509.715744171
373,368,W06000011,Swansea,Abertawe,264022,197308,-3.96723008,51.65805817,377551724.440977,194168.141928517,979206635.117432,312617.34238136
374,369,W06000012,Neath Port Talbot,Castell-nedd Port Talbot,279261,195412,-3.74638009,51.64450073,442941716.687878,151415.514398436,1150874372.52466,244022.229295854
375,370,W06000013,Bridgend,Pen-y-bont ar Ogwr,288242,185868,-3.61359,51.56058121,250445560.808402,80945.9693434064,647218645.515137,130103.455999104
376,371,W06000014,Vale of Glamorgan,Bro Morgannwg,302946,173083,-3.39803004,51.44837952,331992058.20783,96531.8522899298,853858544.215576,154750.535542544
377,372,W06000015,Cardiff,Caerdydd,315270,178887,-3.22212005,51.50254059,141940263.487072,67765.538925287,366104450.046387,108806.342107647
378,377,W06000021,Monmouthshire,Sir Fynwy,337812,209231,-2.90280008,51.77827072,849156684.709272,197455.25670158,2215170530.32654,318930.472450745
379,378,W06000022,Newport,Casnewydd,337897,187433,-2.89769006,51.58232117,189961119.461176,131702.953298308,491485274.662964,211831.84973481
380,379,W06000023,Powys,Powys,302328,273254,-3.43532991,52.348629,5195462032.49776,538447.963948903,13893980970.4817,880964.73850425
